{
    "type": "object",
    "properties": {
        "contents": {
            "type": "array",
            "items": {
                "type": "object",
                "properties": {
                    "properties": {
                        "type": "object",
                        "properties": {
                            "isBreaking": {
                                "type": "boolean"
                            },
                            "showMainVideo": {
                                "type": "boolean"
                            },
                            "showKickerTag": {
                                "type": "boolean"
                            },
                            "showByline": {
                                "type": "boolean"
                            },
                            "imageSlideshowReplace": {
                                "type": "boolean"
                            },
                            "maybeContent": {
                                "type": "object",
                                "properties": {
                                    "trail": {
                                        "type": "object",
                                        "properties": {
                                            "trailPicture": {
                                                "type": "object",
                                                "properties": {
                                                    "allImages": {
                                                        "type": "array",
                                                        "items": {
                                                            "type": "object",
                                                            "properties": {
                                                                "index": {
                                                                    "type": "number"
                                                                },
                                                                "fields": {
                                                                    "type": "object",
                                                                    "properties": {
                                                                        "displayCredit": {
                                                                            "type": "string"
                                                                        },
                                                                        "source": {
                                                                            "type": "string"
                                                                        },
                                                                        "photographer": {
                                                                            "type": "string"
                                                                        },
                                                                        "isMaster": {
                                                                            "type": "string"
                                                                        },
                                                                        "altText": {
                                                                            "type": "string"
                                                                        },
                                                                        "height": {
                                                                            "type": "string"
                                                                        },
                                                                        "credit": {
                                                                            "type": "string"
                                                                        },
                                                                        "mediaId": {
                                                                            "type": "string"
                                                                        },
                                                                        "width": {
                                                                            "type": "string"
                                                                        }
                                                                    },
                                                                    "required": [
                                                                        "height",
                                                                        "width"
                                                                    ]
                                                                },
                                                                "mediaType": {
                                                                    "type": "string"
                                                                },
                                                                "url": {
                                                                    "type": "string"
                                                                }
                                                            },
                                                            "required": [
                                                                "fields",
                                                                "index",
                                                                "mediaType",
                                                                "url"
                                                            ]
                                                        }
                                                    }
                                                },
                                                "required": [
                                                    "allImages"
                                                ]
                                            },
                                            "byline": {
                                                "type": "string"
                                            },
                                            "thumbnailPath": {
                                                "type": "string"
                                            },
                                            "webPublicationDate": {
                                                "type": "number"
                                            }
                                        },
                                        "required": [
                                            "webPublicationDate"
                                        ]
                                    },
                                    "metadata": {
                                        "type": "object",
                                        "properties": {
                                            "id": {
                                                "type": "string"
                                            },
                                            "webTitle": {
                                                "type": "string"
                                            },
                                            "webUrl": {
                                                "type": "string"
                                            },
                                            "type": {
                                                "type": "string"
                                            },
                                            "sectionId": {
                                                "type": "object",
                                                "properties": {
                                                    "value": {
                                                        "type": "string"
                                                    }
                                                },
                                                "required": [
                                                    "value"
                                                ]
                                            },
                                            "format": {
                                                "type": "object",
                                                "properties": {
                                                    "design": {
                                                        "$ref": "#/definitions/FEDesign"
                                                    },
                                                    "theme": {
                                                        "$ref": "#/definitions/FETheme"
                                                    },
                                                    "display": {
                                                        "$ref": "#/definitions/FEDisplay"
                                                    }
                                                },
                                                "required": [
                                                    "design",
                                                    "display",
                                                    "theme"
                                                ]
                                            }
                                        },
                                        "required": [
                                            "format",
                                            "id",
                                            "type",
                                            "webTitle",
                                            "webUrl"
                                        ]
                                    },
                                    "fields": {
                                        "type": "object",
                                        "properties": {
                                            "main": {
                                                "type": "string"
                                            },
                                            "body": {
                                                "type": "string"
                                            },
                                            "standfirst": {
                                                "type": "string"
                                            }
                                        },
                                        "required": [
                                            "body",
                                            "main"
                                        ]
                                    },
                                    "elements": {
                                        "type": "object",
                                        "properties": {
                                            "mainVideo": {},
                                            "mediaAtoms": {
                                                "type": "array",
                                                "items": {
                                                    "$ref": "#/definitions/FEMediaAtom"
                                                }
                                            },
                                            "mainMediaAtom": {
                                                "$ref": "#/definitions/FEMediaAtom"
                                            }
                                        },
                                        "required": [
                                            "mediaAtoms"
                                        ]
                                    },
                                    "tags": {
                                        "type": "object",
                                        "properties": {
                                            "tags": {
                                                "type": "array",
                                                "items": {
                                                    "description": "This type comes from `frontend`, hence the FE prefix.",
                                                    "type": "object",
                                                    "properties": {
                                                        "properties": {
                                                            "type": "object",
                                                            "properties": {
                                                                "id": {
                                                                    "type": "string"
                                                                },
                                                                "tagType": {
                                                                    "type": "string"
                                                                },
                                                                "webTitle": {
                                                                    "type": "string"
                                                                },
                                                                "bio": {
                                                                    "type": "string"
                                                                },
                                                                "description": {
                                                                    "type": "string"
                                                                },
                                                                "bylineImageUrl": {
                                                                    "type": "string"
                                                                },
                                                                "bylineLargeImageUrl": {
                                                                    "type": "string"
                                                                },
                                                                "contributorLargeImagePath": {
                                                                    "type": "string"
                                                                },
                                                                "paidContentType": {
                                                                    "type": "string"
                                                                },
                                                                "sectionId": {
                                                                    "type": "string"
                                                                },
                                                                "sectionName": {
                                                                    "type": "string"
                                                                },
                                                                "twitterHandle": {
                                                                    "type": "string"
                                                                },
                                                                "url": {
                                                                    "type": "string"
                                                                },
                                                                "webUrl": {
                                                                    "type": "string"
                                                                }
                                                            },
                                                            "required": [
                                                                "id",
                                                                "tagType",
                                                                "webTitle"
                                                            ]
                                                        },
                                                        "pagination": {
                                                            "type": "object",
                                                            "properties": {
                                                                "currentPage": {
                                                                    "type": "number"
                                                                },
                                                                "lastPage": {
                                                                    "type": "number"
                                                                },
                                                                "totalContent": {
                                                                    "type": "number"
                                                                }
                                                            },
                                                            "required": [
                                                                "currentPage",
                                                                "lastPage",
                                                                "totalContent"
                                                            ]
                                                        }
                                                    },
                                                    "required": [
                                                        "properties"
                                                    ]
                                                }
                                            }
                                        },
                                        "required": [
                                            "tags"
                                        ]
                                    }
                                },
                                "required": [
                                    "elements",
                                    "fields",
                                    "metadata",
                                    "tags",
                                    "trail"
                                ]
                            },
                            "maybeContentId": {
                                "type": "string"
                            },
                            "isLiveBlog": {
                                "type": "boolean"
                            },
                            "isCrossword": {
                                "type": "boolean"
                            },
                            "byline": {
                                "type": "string"
                            },
                            "image": {
                                "type": "object",
                                "properties": {
                                    "type": {
                                        "type": "string"
                                    },
                                    "item": {
                                        "type": "object",
                                        "properties": {
                                            "imageSrc": {
                                                "type": "string"
                                            },
                                            "assets": {
                                                "type": "array",
                                                "items": {
                                                    "type": "object",
                                                    "properties": {
                                                        "imageSrc": {
                                                            "type": "string"
                                                        },
                                                        "imageCaption": {
                                                            "type": "string"
                                                        }
                                                    },
                                                    "required": [
                                                        "imageSrc"
                                                    ]
                                                }
                                            }
                                        }
                                    }
                                },
                                "required": [
                                    "item",
                                    "type"
                                ]
                            },
                            "webTitle": {
                                "type": "string"
                            },
                            "linkText": {
                                "type": "string"
                            },
                            "webUrl": {
                                "type": "string"
                            },
                            "editionBrandings": {
                                "type": "array",
                                "items": {
                                    "$ref": "#/definitions/EditionBranding"
                                }
                            },
                            "href": {
                                "type": "string"
                            },
                            "embedUri": {
                                "type": "string"
                            }
                        },
                        "required": [
                            "editionBrandings",
                            "imageSlideshowReplace",
                            "isBreaking",
                            "isCrossword",
                            "isLiveBlog",
                            "showByline",
                            "showKickerTag",
                            "showMainVideo",
                            "webTitle"
                        ]
                    },
                    "header": {
                        "type": "object",
                        "properties": {
                            "isVideo": {
                                "type": "boolean"
                            },
                            "isComment": {
                                "type": "boolean"
                            },
                            "isGallery": {
                                "type": "boolean"
                            },
                            "isAudio": {
                                "type": "boolean"
                            },
                            "kicker": {
                                "type": "object",
                                "properties": {
                                    "type": {
                                        "type": "string"
                                    },
                                    "item": {
                                        "type": "object",
                                        "properties": {
                                            "properties": {
                                                "type": "object",
                                                "properties": {
                                                    "kickerText": {
                                                        "type": "string"
                                                    }
                                                },
                                                "required": [
                                                    "kickerText"
                                                ]
                                            }
                                        },
                                        "required": [
                                            "properties"
                                        ]
                                    }
                                },
                                "required": [
                                    "type"
                                ]
                            },
                            "seriesOrBlogKicker": {
                                "type": "object",
                                "properties": {
                                    "properties": {
                                        "type": "object",
                                        "properties": {
                                            "kickerText": {
                                                "type": "string"
                                            }
                                        },
                                        "required": [
                                            "kickerText"
                                        ]
                                    },
                                    "name": {
                                        "type": "string"
                                    },
                                    "url": {
                                        "type": "string"
                                    },
                                    "id": {
                                        "type": "string"
                                    }
                                },
                                "required": [
                                    "id",
                                    "name",
                                    "properties",
                                    "url"
                                ]
                            },
                            "headline": {
                                "type": "string"
                            },
                            "url": {
                                "type": "string"
                            },
                            "hasMainVideoElement": {
                                "type": "boolean"
                            }
                        },
                        "required": [
                            "hasMainVideoElement",
                            "headline",
                            "isAudio",
                            "isComment",
                            "isGallery",
                            "isVideo",
                            "url"
                        ]
                    },
                    "card": {
                        "type": "object",
                        "properties": {
                            "id": {
                                "type": "string"
                            },
                            "cardStyle": {
                                "type": "object",
                                "properties": {
                                    "type": {
                                        "$ref": "#/definitions/FEFrontCardStyle"
                                    }
                                },
                                "required": [
                                    "type"
                                ]
                            },
                            "webPublicationDateOption": {
                                "type": "number"
                            },
                            "lastModifiedOption": {
                                "type": "number"
                            },
                            "trailText": {
                                "type": "string"
                            },
                            "starRating": {
                                "type": "number"
                            },
                            "shortUrlPath": {
                                "type": "string"
                            },
                            "shortUrl": {
                                "type": "string"
                            },
                            "group": {
                                "type": "string"
                            },
                            "isLive": {
                                "type": "boolean"
                            }
                        },
                        "required": [
                            "cardStyle",
                            "group",
                            "id",
                            "isLive",
                            "shortUrl"
                        ]
                    },
                    "discussion": {
                        "type": "object",
                        "properties": {
                            "isCommentable": {
                                "type": "boolean"
                            },
                            "isClosedForComments": {
                                "type": "boolean"
                            },
                            "discussionId": {
                                "type": "string"
                            }
                        },
                        "required": [
                            "isClosedForComments",
                            "isCommentable"
                        ]
                    },
                    "display": {
                        "type": "object",
                        "properties": {
                            "isBoosted": {
                                "type": "boolean"
                            },
                            "showBoostedHeadline": {
                                "type": "boolean"
                            },
                            "showQuotedHeadline": {
                                "type": "boolean"
                            },
                            "imageHide": {
                                "type": "boolean"
                            },
                            "showLivePlayable": {
                                "type": "boolean"
                            }
                        },
                        "required": [
                            "imageHide",
                            "isBoosted",
                            "showBoostedHeadline",
                            "showLivePlayable",
                            "showQuotedHeadline"
                        ]
                    },
                    "format": {
                        "type": "object",
                        "properties": {
                            "design": {
                                "$ref": "#/definitions/FEDesign"
                            },
                            "theme": {
                                "$ref": "#/definitions/FETheme"
                            },
                            "display": {
                                "$ref": "#/definitions/FEDisplay"
                            }
                        },
                        "required": [
                            "design",
                            "display",
                            "theme"
                        ]
                    },
                    "enriched": {
                        "type": "object",
                        "properties": {
                            "embedHtml": {
                                "type": "string"
                            },
                            "embedCss": {
                                "type": "string"
                            },
                            "embedJs": {
                                "type": "string"
                            }
                        }
                    },
                    "supportingContent": {
                        "type": "array",
                        "items": {
                            "type": "object",
                            "properties": {
                                "properties": {
                                    "type": "object",
                                    "properties": {
                                        "href": {
                                            "type": "string"
                                        },
                                        "webUrl": {
                                            "type": "string"
                                        }
                                    }
                                },
                                "header": {
                                    "type": "object",
                                    "properties": {
                                        "kicker": {
                                            "type": "object",
                                            "properties": {
                                                "item": {
                                                    "type": "object",
                                                    "properties": {
                                                        "properties": {
                                                            "type": "object",
                                                            "properties": {
                                                                "kickerText": {
                                                                    "type": "string"
                                                                }
                                                            },
                                                            "required": [
                                                                "kickerText"
                                                            ]
                                                        }
                                                    },
                                                    "required": [
                                                        "properties"
                                                    ]
                                                }
                                            }
                                        },
                                        "headline": {
                                            "type": "string"
                                        },
                                        "url": {
                                            "type": "string"
                                        }
                                    },
                                    "required": [
                                        "headline",
                                        "url"
                                    ]
                                },
                                "format": {
                                    "type": "object",
                                    "properties": {
                                        "design": {
                                            "$ref": "#/definitions/FEDesign"
                                        },
                                        "theme": {
                                            "$ref": "#/definitions/FETheme"
                                        },
                                        "display": {
                                            "$ref": "#/definitions/FEDisplay"
                                        }
                                    },
                                    "required": [
                                        "design",
                                        "display",
                                        "theme"
                                    ]
                                }
                            },
                            "required": [
                                "header",
                                "properties"
                            ]
                        }
                    },
                    "cardStyle": {
                        "type": "object",
                        "properties": {
                            "type": {
                                "$ref": "#/definitions/FEFrontCardStyle"
                            }
                        },
                        "required": [
                            "type"
                        ]
                    },
                    "type": {
                        "type": "string"
                    }
                },
                "required": [
                    "card",
                    "discussion",
                    "display",
                    "header",
                    "properties",
                    "type"
                ]
            }
        },
        "nav": {
            "$ref": "#/definitions/FENavType"
        },
        "tags": {
            "type": "object",
            "properties": {
                "tags": {
                    "type": "array",
                    "items": {
                        "description": "This type comes from `frontend`, hence the FE prefix.",
                        "type": "object",
                        "properties": {
                            "properties": {
                                "type": "object",
                                "properties": {
                                    "id": {
                                        "type": "string"
                                    },
                                    "tagType": {
                                        "type": "string"
                                    },
                                    "webTitle": {
                                        "type": "string"
                                    },
                                    "bio": {
                                        "type": "string"
                                    },
                                    "description": {
                                        "type": "string"
                                    },
                                    "bylineImageUrl": {
                                        "type": "string"
                                    },
                                    "bylineLargeImageUrl": {
                                        "type": "string"
                                    },
                                    "contributorLargeImagePath": {
                                        "type": "string"
                                    },
                                    "paidContentType": {
                                        "type": "string"
                                    },
                                    "sectionId": {
                                        "type": "string"
                                    },
                                    "sectionName": {
                                        "type": "string"
                                    },
                                    "twitterHandle": {
                                        "type": "string"
                                    },
                                    "url": {
                                        "type": "string"
                                    },
                                    "webUrl": {
                                        "type": "string"
                                    }
                                },
                                "required": [
                                    "id",
                                    "tagType",
                                    "webTitle"
                                ]
                            },
                            "pagination": {
                                "type": "object",
                                "properties": {
                                    "currentPage": {
                                        "type": "number"
                                    },
                                    "lastPage": {
                                        "type": "number"
                                    },
                                    "totalContent": {
                                        "type": "number"
                                    }
                                },
                                "required": [
                                    "currentPage",
                                    "lastPage",
                                    "totalContent"
                                ]
                            }
                        },
                        "required": [
                            "properties"
                        ]
                    }
                }
            },
            "required": [
                "tags"
            ]
        },
        "editionId": {
            "$ref": "#/definitions/EditionId"
        },
        "editionLongForm": {
            "type": "string"
        },
        "guardianBaseURL": {
            "type": "string"
        },
        "pageId": {
            "type": "string"
        },
        "webTitle": {
            "type": "string"
        },
        "webURL": {
            "type": "string"
        },
        "config": {
            "type": "object",
            "properties": {
                "avatarApiUrl": {
                    "type": "string"
                },
                "externalEmbedHost": {
                    "type": "string"
                },
                "ajaxUrl": {
                    "type": "string"
                },
                "keywords": {
                    "type": "string"
                },
                "revisionNumber": {
                    "type": "string"
                },
                "isProd": {
                    "type": "boolean"
                },
                "switches": {
                    "$ref": "#/definitions/Switches"
                },
                "section": {
                    "type": "string"
                },
                "keywordIds": {
                    "type": "string"
                },
                "locationapiurl": {
                    "type": "string"
                },
                "sharedAdTargeting": {
                    "$ref": "#/definitions/SharedAdTargeting"
                },
                "buildNumber": {
                    "type": "string"
                },
                "abTests": {
                    "description": "Narrowest representation of the server-side tests\nobject shape, which is [defined in `frontend`](https://github.com/guardian/frontend/blob/23743723030a041e4f4f59fa265ee2be0bb51825/common/app/experiments/ExperimentsDefinition.scala#L24-L26).\n\n**Note:** This type is not support by JSON-schema, it evaluates as `object`",
                    "type": "object"
                },
                "pbIndexSites": {
                    "type": "array",
                    "items": {
                        "type": "object",
                        "additionalProperties": {}
                    }
                },
                "ampIframeUrl": {
                    "type": "string"
                },
                "beaconUrl": {
                    "type": "string"
                },
                "userAttributesApiUrl": {
                    "type": "string"
                },
                "host": {
                    "type": "string"
                },
                "brazeApiKey": {
                    "type": "string"
                },
                "calloutsUrl": {
                    "type": "string"
                },
                "requiresMembershipAccess": {
                    "type": "boolean"
                },
                "onwardWebSocket": {
                    "type": "string"
                },
                "a9PublisherId": {
                    "type": "string"
                },
                "contentType": {
                    "type": "string"
                },
                "facebookIaAdUnitRoot": {
                    "type": "string"
                },
                "ophanEmbedJsUrl": {
                    "type": "string"
                },
                "idUrl": {
                    "type": "string"
                },
                "dcrSentryDsn": {
                    "type": "string"
                },
                "isFront": {
                    "type": "boolean",
                    "const": true
                },
                "idWebAppUrl": {
                    "type": "string"
                },
                "discussionApiUrl": {
                    "type": "string"
                },
                "sentryPublicApiKey": {
                    "type": "string"
                },
                "omnitureAccount": {
                    "type": "string"
                },
                "dfpAccountId": {
                    "type": "string"
                },
                "pageId": {
                    "type": "string"
                },
                "forecastsapiurl": {
                    "type": "string"
                },
                "assetsPath": {
                    "type": "string"
                },
                "pillar": {
                    "type": "string"
                },
                "commercialBundleUrl": {
                    "type": "string"
                },
                "discussionApiClientHeader": {
                    "type": "string"
                },
                "membershipUrl": {
                    "type": "string"
                },
                "dfpHost": {
                    "type": "string"
                },
                "cardStyle": {
                    "type": "string"
                },
                "googletagUrl": {
                    "type": "string"
                },
                "sentryHost": {
                    "type": "string"
                },
                "shouldHideAdverts": {
                    "type": "boolean"
                },
                "mmaUrl": {
                    "type": "string"
                },
                "membershipAccess": {
                    "type": "string"
                },
                "isPreview": {
                    "type": "boolean"
                },
                "googletagJsUrl": {
                    "type": "string"
                },
                "supportUrl": {
                    "type": "string"
                },
                "edition": {
                    "type": "string"
                },
                "discussionFrontendUrl": {
                    "type": "string"
                },
                "ipsosTag": {
                    "type": "string"
                },
                "ophanJsUrl": {
                    "type": "string"
                },
                "isPaidContent": {
                    "type": "boolean"
                },
                "mobileAppsAdUnitRoot": {
                    "type": "string"
                },
                "plistaPublicApiKey": {
                    "type": "string"
                },
                "frontendAssetsFullURL": {
                    "type": "string"
                },
                "googleSearchId": {
                    "type": "string"
                },
                "allowUserGeneratedContent": {
                    "type": "boolean"
                },
                "dfpAdUnitRoot": {
                    "type": "string"
                },
                "idApiUrl": {
                    "type": "string"
                },
                "omnitureAmpAccount": {
                    "type": "string"
                },
                "adUnit": {
                    "type": "string"
                },
                "hasPageSkin": {
                    "type": "boolean"
                },
                "webTitle": {
                    "type": "string"
                },
                "stripePublicToken": {
                    "type": "string"
                },
                "googleRecaptchaSiteKey": {
                    "type": "string"
                },
                "discussionD2Uid": {
                    "type": "string"
                },
                "weatherapiurl": {
                    "type": "string"
                },
                "googleSearchUrl": {
                    "type": "string"
                },
                "optimizeEpicUrl": {
                    "type": "string"
                },
                "stage": {
                    "$ref": "#/definitions/StageType"
                },
                "idOAuthUrl": {
                    "type": "string"
                },
                "isSensitive": {
                    "type": "boolean"
                },
                "isDev": {
                    "type": "boolean"
                },
                "thirdPartyAppsAccount": {
                    "type": "string"
                },
                "avatarImagesUrl": {
                    "type": "string"
                },
                "fbAppId": {
                    "type": "string"
                }
            },
            "required": [
                "a9PublisherId",
                "abTests",
                "adUnit",
                "ajaxUrl",
                "allowUserGeneratedContent",
                "ampIframeUrl",
                "assetsPath",
                "avatarApiUrl",
                "avatarImagesUrl",
                "beaconUrl",
                "buildNumber",
                "calloutsUrl",
                "commercialBundleUrl",
                "contentType",
                "dcrSentryDsn",
                "dfpAccountId",
                "dfpAdUnitRoot",
                "dfpHost",
                "discussionApiClientHeader",
                "discussionApiUrl",
                "discussionD2Uid",
                "discussionFrontendUrl",
                "edition",
                "externalEmbedHost",
                "facebookIaAdUnitRoot",
                "fbAppId",
                "forecastsapiurl",
                "frontendAssetsFullURL",
                "googleRecaptchaSiteKey",
                "googleSearchId",
                "googleSearchUrl",
                "googletagJsUrl",
                "googletagUrl",
                "hasPageSkin",
                "host",
                "idApiUrl",
                "idOAuthUrl",
                "idUrl",
                "idWebAppUrl",
                "ipsosTag",
                "isDev",
                "isFront",
                "isPreview",
                "isProd",
                "isSensitive",
                "keywordIds",
                "keywords",
                "locationapiurl",
                "membershipAccess",
                "membershipUrl",
                "mmaUrl",
                "mobileAppsAdUnitRoot",
                "omnitureAccount",
                "omnitureAmpAccount",
                "onwardWebSocket",
                "ophanEmbedJsUrl",
                "ophanJsUrl",
                "optimizeEpicUrl",
                "pageId",
                "pbIndexSites",
                "pillar",
                "plistaPublicApiKey",
                "requiresMembershipAccess",
                "revisionNumber",
                "section",
                "sentryHost",
                "sentryPublicApiKey",
                "sharedAdTargeting",
                "shouldHideAdverts",
                "stage",
                "stripePublicToken",
                "supportUrl",
                "switches",
                "userAttributesApiUrl",
                "weatherapiurl",
                "webTitle"
            ]
        },
        "commercialProperties": {
            "$ref": "#/definitions/Record<string,unknown>"
        },
        "pageFooter": {
            "$ref": "#/definitions/FooterType"
        },
        "isAdFreeUser": {
            "type": "boolean"
        },
        "forceDay": {
            "type": "boolean"
        }
    },
    "required": [
        "commercialProperties",
        "config",
        "contents",
        "editionId",
        "editionLongForm",
        "forceDay",
        "guardianBaseURL",
        "isAdFreeUser",
        "nav",
        "pageFooter",
        "pageId",
        "tags",
        "webTitle",
        "webURL"
    ],
    "definitions": {
        "FEDesign": {
            "enum": [
                "AnalysisDesign",
                "ArticleDesign",
                "AudioDesign",
                "CommentDesign",
                "DeadBlogDesign",
                "EditorialDesign",
                "ExplainerDesign",
                "FeatureDesign",
                "FullPageInteractiveDesign",
                "GalleryDesign",
                "InteractiveDesign",
                "InterviewDesign",
                "LetterDesign",
                "LiveBlogDesign",
                "MatchReportDesign",
                "NewsletterSignupDesign",
                "ObituaryDesign",
                "PhotoEssayDesign",
                "PictureDesign",
                "PrintShopDesign",
                "ProfileDesign",
                "QuizDesign",
                "RecipeDesign",
                "ReviewDesign",
                "TimelineDesign",
                "VideoDesign"
            ],
            "type": "string"
        },
        "FETheme": {
            "enum": [
                "CulturePillar",
                "Labs",
                "LifestylePillar",
                "NewsPillar",
                "OpinionPillar",
                "SpecialReportAltTheme",
                "SpecialReportTheme",
                "SportPillar"
            ],
            "type": "string"
        },
        "FEDisplay": {
            "enum": [
                "ImmersiveDisplay",
                "NumberedListDisplay",
                "ShowcaseDisplay",
                "StandardDisplay"
            ],
            "type": "string"
        },
        "FEMediaAtom": {
            "type": "object",
            "properties": {
                "id": {
                    "type": "string"
                },
                "assets": {
                    "type": "array",
                    "items": {
                        "$ref": "#/definitions/MediaAsset"
                    }
                },
                "title": {
                    "type": "string"
                },
                "duration": {
                    "type": "number"
                },
                "source": {
                    "type": "string"
                },
                "posterImage": {
                    "type": "object",
                    "properties": {
                        "allImages": {
                            "type": "array",
                            "items": {
                                "$ref": "#/definitions/Image"
                            }
                        }
                    },
                    "required": [
                        "allImages"
                    ]
                },
                "expired": {
                    "type": "boolean"
                },
                "activeVersion": {
                    "type": "number"
                }
            },
            "required": [
                "assets",
                "id",
                "title"
            ]
        },
        "MediaAsset": {
            "type": "object",
            "properties": {
                "id": {
                    "type": "string"
                },
                "version": {
                    "type": "number"
                },
                "platform": {
                    "type": "string"
                },
                "mimeType": {
                    "type": "string"
                }
            },
            "required": [
                "id",
                "platform",
                "version"
            ]
        },
        "Image": {
            "type": "object",
            "properties": {
                "index": {
                    "type": "number"
                },
                "fields": {
                    "type": "object",
                    "properties": {
                        "height": {
                            "type": "string"
                        },
                        "width": {
                            "type": "string"
                        },
                        "isMaster": {
                            "type": "string"
                        },
                        "source": {
                            "type": "string"
                        },
                        "caption": {
                            "type": "string"
                        }
                    },
                    "required": [
                        "height",
                        "width"
                    ]
                },
                "mediaType": {
                    "type": "string"
                },
                "mimeType": {
                    "type": "string"
                },
                "url": {
                    "type": "string"
                }
            },
            "required": [
                "fields",
                "index",
                "mediaType",
                "mimeType",
                "url"
            ]
        },
        "EditionBranding": {
            "type": "object",
            "properties": {
                "edition": {
                    "type": "object",
                    "properties": {
                        "id": {
                            "$ref": "#/definitions/EditionId"
                        }
                    },
                    "required": [
                        "id"
                    ]
                },
                "branding": {
                    "$ref": "#/definitions/Branding"
                }
            },
            "required": [
                "edition"
            ]
        },
        "EditionId": {
            "enum": [
                "AU",
                "EUR",
                "INT",
                "UK",
                "US"
            ],
            "type": "string"
        },
        "Branding": {
            "type": "object",
            "properties": {
                "brandingType": {
                    "$ref": "#/definitions/BrandingType"
                },
                "sponsorName": {
                    "type": "string"
                },
                "logo": {
                    "type": "object",
                    "properties": {
                        "src": {
                            "type": "string"
                        },
                        "link": {
                            "type": "string"
                        },
                        "label": {
                            "type": "string"
                        },
                        "dimensions": {
                            "type": "object",
                            "properties": {
                                "width": {
                                    "type": "number"
                                },
                                "height": {
                                    "type": "number"
                                }
                            },
                            "required": [
                                "height",
                                "width"
                            ]
                        }
                    },
                    "required": [
                        "dimensions",
                        "label",
                        "link",
                        "src"
                    ]
                },
                "aboutThisLink": {
                    "type": "string"
                },
                "logoForDarkBackground": {
                    "type": "object",
                    "properties": {
                        "src": {
                            "type": "string"
                        },
                        "link": {
                            "type": "string"
                        },
                        "label": {
                            "type": "string"
                        },
                        "dimensions": {
                            "type": "object",
                            "properties": {
                                "width": {
                                    "type": "number"
                                },
                                "height": {
                                    "type": "number"
                                }
                            },
                            "required": [
                                "height",
                                "width"
                            ]
                        }
                    },
                    "required": [
                        "dimensions",
                        "label",
                        "link",
                        "src"
                    ]
                }
            },
            "required": [
                "aboutThisLink",
                "logo",
                "sponsorName"
            ]
        },
        "BrandingType": {
            "anyOf": [
                {
                    "type": "object",
                    "properties": {
                        "name": {
                            "type": "string",
                            "const": "paid-content"
                        }
                    },
                    "required": [
                        "name"
                    ]
                },
                {
                    "type": "object",
                    "properties": {
                        "name": {
                            "type": "string",
                            "const": "foundation"
                        }
                    },
                    "required": [
                        "name"
                    ]
                },
                {
                    "type": "object",
                    "properties": {
                        "name": {
                            "type": "string",
                            "const": "sponsored"
                        }
                    },
                    "required": [
                        "name"
                    ]
                }
            ]
        },
        "FEFrontCardStyle": {
            "enum": [
                "Analysis",
                "Comment",
                "DeadBlog",
                "DefaultCardstyle",
                "Editorial",
                "ExternalLink",
                "Feature",
                "Letters",
                "LiveBlog",
                "Media",
                "Review",
                "SpecialReport",
                "SpecialReportAlt"
            ],
            "type": "string"
        },
        "FENavType": {
            "type": "object",
            "properties": {
                "currentUrl": {
                    "type": "string"
                },
                "pillars": {
                    "type": "array",
                    "items": {
                        "$ref": "#/definitions/FELinkType"
                    }
                },
                "otherLinks": {
                    "type": "array",
                    "items": {
                        "$ref": "#/definitions/FELinkType"
                    }
                },
                "brandExtensions": {
                    "type": "array",
                    "items": {
                        "$ref": "#/definitions/FELinkType"
                    }
                },
                "currentNavLink": {
                    "$ref": "#/definitions/FELinkType"
                },
                "currentNavLinkTitle": {
                    "type": "string"
                },
                "currentPillarTitle": {
                    "type": "string"
                },
                "subNavSections": {
                    "type": "object",
                    "properties": {
                        "parent": {
                            "$ref": "#/definitions/FELinkType"
                        },
                        "links": {
                            "type": "array",
                            "items": {
                                "$ref": "#/definitions/FELinkType"
                            }
                        }
                    },
                    "required": [
                        "links"
                    ]
                },
                "readerRevenueLinks": {
                    "$ref": "#/definitions/ReaderRevenuePositions"
                }
            },
            "required": [
                "brandExtensions",
                "currentUrl",
                "otherLinks",
                "pillars",
                "readerRevenueLinks"
            ]
        },
        "FELinkType": {
            "type": "object",
            "properties": {
                "url": {
                    "type": "string"
                },
                "title": {
                    "type": "string"
                },
                "longTitle": {
                    "type": "string"
                },
                "iconName": {
                    "type": "string"
                },
                "children": {
                    "type": "array",
                    "items": {
                        "$ref": "#/definitions/FELinkType"
                    }
                },
                "pillar": {
                    "$ref": "#/definitions/LegacyPillar"
                },
                "more": {
                    "type": "boolean"
                },
                "classList": {
                    "type": "array",
                    "items": {
                        "type": "string"
                    }
                }
            },
            "required": [
                "title",
                "url"
            ]
        },
        "LegacyPillar": {
            "enum": [
                "culture",
                "labs",
                "lifestyle",
                "news",
                "opinion",
                "sport"
            ],
            "type": "string"
        },
        "ReaderRevenuePositions": {
            "type": "object",
            "properties": {
                "header": {
                    "$ref": "#/definitions/ReaderRevenueCategories"
                },
                "footer": {
                    "$ref": "#/definitions/ReaderRevenueCategories"
                },
                "sideMenu": {
                    "$ref": "#/definitions/ReaderRevenueCategories"
                },
                "ampHeader": {
                    "$ref": "#/definitions/ReaderRevenueCategories"
                },
                "ampFooter": {
                    "$ref": "#/definitions/ReaderRevenueCategories"
                }
            },
            "required": [
                "ampFooter",
                "ampHeader",
                "footer",
                "header",
                "sideMenu"
            ]
        },
        "ReaderRevenueCategories": {
            "type": "object",
            "properties": {
                "contribute": {
                    "type": "string"
                },
                "subscribe": {
                    "type": "string"
                },
                "support": {
                    "type": "string"
                },
                "supporter": {
                    "type": "string"
                },
                "gifting": {
                    "type": "string"
                }
            },
            "required": [
                "contribute",
                "subscribe",
                "support",
                "supporter"
            ]
        },
        "Switches": {
            "type": "object",
            "additionalProperties": {
                "type": "boolean"
            }
        },
        "SharedAdTargeting": {
            "type": "object"
        },
        "StageType": {
            "enum": [
                "CODE",
                "DEV",
                "PROD"
            ],
            "type": "string"
        },
        "Record<string,unknown>": {
            "type": "object"
        },
        "FooterType": {
            "type": "object",
            "properties": {
                "footerLinks": {
                    "type": "array",
                    "items": {
                        "type": "array",
                        "items": {
                            "$ref": "#/definitions/FooterLink"
                        }
                    }
                }
            },
            "required": [
                "footerLinks"
            ]
        },
        "FooterLink": {
            "type": "object",
            "properties": {
                "text": {
                    "type": "string"
                },
                "url": {
                    "type": "string"
                },
                "dataLinkName": {
                    "type": "string"
                },
                "extraClasses": {
                    "type": "string"
                }
            },
            "required": [
                "dataLinkName",
                "text",
                "url"
            ]
        }
    },
    "$schema": "http://json-schema.org/draft-07/schema#"
}